<keymap version="1" name="Mac OS X 10.5+ copy" parent="Mac OS X 10.5+">
  <action id="ActivateTerminalToolWindow">
    <keyboard-shortcut first-keystroke="alt f12" />
    <keyboard-shortcut first-keystroke="alt t" />
  </action>
  <action id="AndroidConnectDebuggerAction">
    <keyboard-shortcut first-keystroke="alt a" />
  </action>
  <action id="CleanGradleProject">
    <keyboard-shortcut first-keystroke="alt quote" />
  </action>
  <action id="Compare.Selected">
    <keyboard-shortcut first-keystroke="alt c" />
  </action>
  <action id="Debug">
    <keyboard-shortcut first-keystroke="ctrl d" />
    <keyboard-shortcut first-keystroke="alt d" />
  </action>
  <action id="EditorDecreaseFontSize">
    <keyboard-shortcut first-keystroke="alt minus" />
  </action>
  <action id="EditorIncreaseFontSize">
    <keyboard-shortcut first-keystroke="alt equals" />
  </action>
  <action id="EditorResetFontSize">
    <keyboard-shortcut first-keystroke="alt 0" />
  </action>
  <action id="FindUsages">
    <keyboard-shortcut first-keystroke="alt f7" />
    <keyboard-shortcut first-keystroke="alt f" />
  </action>
  <action id="GotoRelated">
    <keyboard-shortcut first-keystroke="ctrl meta up" />
    <keyboard-shortcut first-keystroke="alt x" />
  </action>
  <action id="IntroduceConstant">
    <keyboard-shortcut first-keystroke="meta alt c" />
    <keyboard-shortcut first-keystroke="ctrl meta c" />
  </action>
  <action id="NextEditorTab">
    <keyboard-shortcut first-keystroke="shift ctrl right" />
    <keyboard-shortcut first-keystroke="alt s" />
  </action>
  <action id="NextProjectWindow">
    <keyboard-shortcut first-keystroke="meta alt back_quote" />
    <keyboard-shortcut first-keystroke="alt close_bracket" />
  </action>
  <action id="PreviousProjectWindow">
    <keyboard-shortcut first-keystroke="shift meta alt back_quote" />
    <keyboard-shortcut first-keystroke="alt open_bracket" />
  </action>
  <action id="Refactorings.QuickListPopupAction">
    <keyboard-shortcut first-keystroke="ctrl t" />
    <keyboard-shortcut first-keystroke="alt q" />
  </action>
  <action id="Run">
    <keyboard-shortcut first-keystroke="ctrl r" />
    <keyboard-shortcut first-keystroke="alt r" />
  </action>
  <action id="ToggleDistractionFreeMode">
    <keyboard-shortcut first-keystroke="alt p" />
  </action>
  <action id="Vcs.ShowTabbedFileHistory">
    <keyboard-shortcut first-keystroke="alt h" />
  </action>
  <action id="android.deploy.ApplyChanges">
    <keyboard-shortcut first-keystroke="ctrl meta r" />
  </action>
  <action id="android.deploy.CodeSwap">
    <keyboard-shortcut first-keystroke="shift ctrl meta r" />
  </action>
  <action id="com.developerphil.adbidea.action.ClearDataAndRestartAction">
    <keyboard-shortcut first-keystroke="alt e" />
  </action>
</keymap>